,,"name=EM11_GGG2, teachings=[name=RETI E SISTEMI INFORMATIVI_EM11, course=EM11_GGG2, teacher=5591776, campus=San Giobbe, partition=NO, period=3° Periodo, elective=a scelta, frequency=3, size=4, name=POLITICHE ECONOMICHE PER LO SVILUPPO LOCALE_EM11, course=EM11_GGG2, teacher=24560438, campus=San Giobbe, partition=NO, period=3° Periodo, elective=a scelta, frequency=3, size=3], partition=NO, year=2, campus=San Giobbe, size=4","name=EM13_AF1, teachings=[name=LEADERSHIP_EM13, course=EM13_AF1, teacher=5593481, campus=San Giobbe, partition=NO, period=3° Periodo, elective=a scelta, frequency=3, size=5, name=FINANCIAL MATHEMATICS PROBLEMS FOR BUSINESS_EM13, course=EM13_AF1, teacher=5592915, campus=San Giobbe, partition=NO, period=3° Periodo, elective=Obbligatorio, frequency=3, size=5, name=ADVANCED MANAGEMENT CONTROL_EM13, course=EM13_AF1, teacher=5591814, campus=San Giobbe, partition=NO, period=3° Periodo, elective=a scelta, frequency=3, size=5, name=STRATEGY PLANNING AND CONTROL SYSTEM - 1_EM13, course=EM13_AF1, teacher=24564405, campus=San Giobbe, partition=NO, period=3° Periodo, elective=Obbligatorio, frequency=3, size=4, name=BUSINESS MODEL INNOVATION_EM13, course=EM13_AF1, teacher=5592881, campus=San Giobbe, partition=NO, period=3° Periodo, elective=a scelta, frequency=3, size=5], partition=NO, year=1, campus=San Giobbe, size=6","name=EM13_AF2, teachings=[name=COMPETITION LAW_EM13, course=EM13_AF2, teacher=22991277, campus=San Giobbe, partition=NO, period=3° Periodo, elective=Obbligatorio, frequency=3, size=2], partition=NO, year=2, campus=San Giobbe, size=2","name=EM13_IMG1, teachings=[name=BUSINESS PROCESS ANALYTICS_EM13, course=EM13_IMG1, teacher=5592915, campus=San Giobbe, partition=NO, period=3° Periodo, elective=Obbligatorio, frequency=3, size=6, name=MAKING DECISIONS_EM13, course=EM13_IMG1, teacher=5592652, campus=San Giobbe, partition=NO, period=3° Periodo, elective=a scelta, frequency=3, size=5, name=INDUSTRIAL DYNAMICS AND GLOBAL ECONOMIC CHALLENGES-1_EM13, course=EM13_IMG1, teacher=13097616, campus=San Giobbe, partition=NO, period=3° Periodo, elective=Obbligatorio, frequency=3, size=6], partition=NO, year=1, campus=San Giobbe, size=6","name=EM13_IMK1, teachings=[name=BRAND MANAGEMENT_EM13, course=EM13_IMK1, teacher=5590857, campus=San Giobbe, partition=NO, period=3° Periodo, elective=Obbligatorio, frequency=3, size=6, name=HISTORY OF INNOVATION_EM13, course=EM13_IMK1, teacher=24117430, campus=San Giobbe, partition=NO, period=3° Periodo, elective=Obbligatorio, frequency=3, size=4, name=PHILOSOPHICAL ISSUES IN CONTEMPORARY MANAGEMENT_EM13, course=EM13_IMK1, teacher=25766908, campus=San Giobbe, partition=NO, period=3° Periodo, elective=a scelta, frequency=3, size=4], partition=NO, year=1, campus=San Giobbe, size=7","name=EM14_GGG2, teachings=[name=FINTECH: TECHNOLOGY FOR FINANCE AND INSURANCE_EM14, course=EM14_GGG2, teacher=5592848, campus=San Giobbe, partition=NO, period=3° Periodo, elective=a scelta, frequency=3, size=4, name=FINTECH REGULATION AND FINANCIAL INNOVATION_EM14, course=EM14_GGG2, teacher=5668750, campus=San Giobbe, partition=NO, period=3° Periodo, elective=a scelta, frequency=3, size=4, name=NETWORK ANALYSIS_EM14, course=EM14_GGG2, teacher=23500162, campus=San Giobbe, partition=NO, period=3° Periodo, elective=a scelta, frequency=3, size=4, name=MODELS AND TECHNOLOGY FOR THE FINANCIAL INDUSTRY_EM14, course=EM14_GGG2, teacher=10297275, campus=San Giobbe, partition=NO, period=3° Periodo, elective=a scelta, frequency=3, size=3, name=ACCOUNTING INFORMATION SYSTEMS AND FINANCIAL ANALYTICS_EM14, course=EM14_GGG2, teacher=19158250, campus=San Giobbe, partition=NO, period=3° Periodo, elective=a scelta, frequency=3, size=6], partition=NO, year=2, campus=San Giobbe, size=4","name=EM15_QEM1, teachings=[name=BEHAVIOURAL ECONOMICS_EM15, course=EM15_QEM1, teacher=11229706, campus=San Giobbe, partition=NO, period=3° Periodo, elective=Obbligatorio, frequency=3, size=4], partition=NO, year=1, campus=San Giobbe, size=4","name=EM15_QEM2, teachings=[name=COMPETITION LAW_EM15, course=EM15_QEM2, teacher=22991277, campus=San Giobbe, partition=NO, period=3° Periodo, elective=Obbligatorio, frequency=3, size=2, name=ECONOMICS OF INEQUALITY_EM15, course=EM15_QEM2, teacher=5591334, campus=San Giobbe, partition=NO, period=3° Periodo, elective=a scelta, frequency=3, size=3], partition=NO, year=2, campus=San Giobbe, size=2","name=EM15_QFR1, teachings=[name=DERIVATIVES AND INSURANCE - 1_EM15, course=EM15_QFR1, teacher=5591751, campus=San Giobbe, partition=NO, period=3° Periodo, elective=Obbligatorio, frequency=3, size=3, name=ECONOMICS OF RISK AND AGENT BEHAVIOUR_EM15, course=EM15_QFR1, teacher=5591624, campus=San Giobbe, partition=NO, period=3° Periodo, elective=Obbligatorio, frequency=3, size=6, name=FINANCIAL ECONOMICS - 1_EM15, course=EM15_QFR1, teacher=22653441, campus=San Giobbe, partition=NO, period=3° Periodo, elective=Obbligatorio, frequency=3, size=5], partition=NO, year=1, campus=San Giobbe, size=8","name=EM15_QFR2, teachings=[name=AGENT-BASED MODELLING_EM15, course=EM15_QFR2, teacher=23500162, campus=San Giobbe, partition=NO, period=3° Periodo, elective=a scelta, frequency=3, size=3], partition=NO, year=2, campus=San Giobbe, size=4","name=EM15_SFI1, teachings=[name=ADVANCED INSTRUMENTS FOR SUSTAINABLE FINANCE AND IMPACT FINANCING-1_EM15, course=EM15_SFI1, teacher=5591662, campus=San Giobbe, partition=NO, period=3° Periodo, elective=Obbligatorio, frequency=3, size=7], partition=NO, year=1, campus=San Giobbe, size=5","name=EM15_SFI2, teachings=[name=FINTECH: TECHNOLOGY FOR FINANCE AND INSURANCE_EM15, course=EM15_SFI2, teacher=5592848, campus=San Giobbe, partition=NO, period=3° Periodo, elective=a scelta, frequency=3, size=4, name=R CODING AND FINANCE ANALYTICS_EM15, course=EM15_SFI2, teacher=5590609, campus=San Giobbe, partition=NO, period=3° Periodo, elective=a scelta, frequency=3, size=7, name=CLIMATE CHANGE AND FINANCE: METRICS TO ASSESS RISKS AND OPPORTUNITIES_EM15, course=EM15_SFI2, teacher=23832560, campus=San Giobbe, partition=NO, period=3° Periodo, elective=a scelta, frequency=3, size=4, name=FINTECH REGULATION AND FINANCIAL INNOVATION_EM15, course=EM15_SFI2, teacher=5668750, campus=San Giobbe, partition=NO, period=3° Periodo, elective=a scelta, frequency=3, size=4, name=INTERNATIONAL FINANCIAL REGULATION_EM15, course=EM15_SFI2, teacher=5668750, campus=San Giobbe, partition=NO, period=3° Periodo, elective=Obbligatorio, frequency=3, size=6], partition=NO, year=2, campus=San Giobbe, size=4","name=EM20_F-ENG2, teachings=[name=R CODING AND FINANCE ANALYTICS_EM20, course=EM20_F-ENG2, teacher=5590609, campus=San Giobbe, partition=NO, period=3° Periodo, elective=a scelta, frequency=3, size=7, name=CLIMATE CHANGE AND FINANCE: METRICS TO ASSESS RISKS AND OPPORTUNITIES_EM20, course=EM20_F-ENG2, teacher=23832560, campus=San Giobbe, partition=NO, period=3° Periodo, elective=a scelta, frequency=3, size=4, name=FINTECH REGULATION AND FINANCIAL INNOVATION_EM20, course=EM20_F-ENG2, teacher=5668750, campus=San Giobbe, partition=NO, period=3° Periodo, elective=a scelta, frequency=3, size=4, name=AGENT-BASED MODELLING_EM20, course=EM20_F-ENG2, teacher=23500162, campus=San Giobbe, partition=NO, period=3° Periodo, elective=a scelta, frequency=3, size=3], partition=NO, year=2, campus=San Giobbe, size=7","name=EM20_F1, teachings=[name=ECONOMIA DEI MERCATI ED INVESTIMENTI FINANZIARI - 1_EM20, course=EM20_F1, teacher=22653441, campus=San Giobbe, partition=NO, period=3° Periodo, elective=Obbligatorio, frequency=3, size=8, name=LABORATORIO SUL RISCHIO DI RICICLAGGIO E AUTORICICLAGGIO NEI REATI TRIBUTARI E FRODI FISCALI_EM20, course=EM20_F1, teacher=12033880, campus=San Giobbe, partition=NO, period=3° Periodo, elective=a scelta, frequency=3, size=4, name=LEGISLAZIONE BANCARIA I_EM20, course=EM20_F1, teacher=5592930, campus=San Giobbe, partition=NO, period=3° Periodo, elective=Obbligatorio, frequency=3, size=5], partition=NO, year=1, campus=San Giobbe, size=8","name=EM20_F2, teachings=[name=DIRITTO DELLE ASSICURAZIONI PRIVATE_EM20, course=EM20_F2, teacher=5591495, campus=San Giobbe, partition=NO, period=3° Periodo, elective=a scelta, frequency=3, size=7, name=FINTECH: TECHNOLOGY FOR FINANCE AND INSURANCE_EM20, course=EM20_F2, teacher=5592848, campus=San Giobbe, partition=NO, period=3° Periodo, elective=a scelta, frequency=3, size=4, name=LABORATORIO SULLE SCELTE_EM20, course=EM20_F2, teacher=5592028, campus=San Giobbe, partition=NO, period=3° Periodo, elective=a scelta, frequency=3, size=4], partition=NO, year=2, campus=San Giobbe, size=7","name=EM20_QEM2, teachings=[name=BEHAVIOURAL ECONOMICS_EM20, course=EM20_QEM2, teacher=11229706, campus=San Giobbe, partition=NO, period=3° Periodo, elective=Obbligatorio, frequency=3, size=4, name=ECONOMICS OF INEQUALITY_EM20, course=EM20_QEM2, teacher=5591334, campus=San Giobbe, partition=NO, period=3° Periodo, elective=a scelta, frequency=3, size=3], partition=NO, year=2, campus=San Giobbe, size=4","name=EM4_GGG1, teachings=[name=DIRITTO TRIBUTARIO AVANZATO B - FISCALITÀ INTERNAZIONALE E DELLE OPERAZIONI STRAORDINARIE_EM4_A-K, course=EM4_GGG1, teacher=5592618, campus=San Giobbe, partition=A-K, period=3° Periodo, elective=a scelta, frequency=3, size=7, name=POLITICHE FINANZIARIE E STRATEGIE DI INVESTIMENTO - 1_EM4_A-K, course=EM4_GGG1, teacher=26811596, campus=San Giobbe, partition=A-K, period=3° Periodo, elective=Obbligatorio, frequency=3, size=8, name=SCIENZA DELLE FINANZE AVANZATO_EM4_A-K, course=EM4_GGG1, teacher=5591627, campus=San Giobbe, partition=A-K, period=3° Periodo, elective=Obbligatorio, frequency=3, size=7], partition=A-K, year=1, campus=San Giobbe, size=8","name=EM4_GGG1, teachings=[name=DIRITTO TRIBUTARIO AVANZATO B - FISCALITÀ INTERNAZIONALE E DELLE OPERAZIONI STRAORDINARIE_EM4_L-Z, course=EM4_GGG1, teacher=5591834, campus=San Giobbe, partition=L-Z, period=3° Periodo, elective=a scelta, frequency=3, size=6, name=POLITICHE FINANZIARIE E STRATEGIE DI INVESTIMENTO - 1_EM4_L-Z, course=EM4_GGG1, teacher=26811596, campus=San Giobbe, partition=L-Z, period=3° Periodo, elective=Obbligatorio, frequency=3, size=6, name=SCIENZA DELLE FINANZE AVANZATO_EM4_L-Z, course=EM4_GGG1, teacher=5591627, campus=San Giobbe, partition=L-Z, period=3° Periodo, elective=Obbligatorio, frequency=3, size=7], partition=L-Z, year=1, campus=San Giobbe, size=7","name=EM4_GGG1, teachings=[name=METODI STATISTICI PER LA BUSINESS ANALYSIS_EM4, course=EM4_GGG1, teacher=5593509, campus=Palazzo Moro, partition=NO, period=3° Periodo, elective=a scelta, frequency=3, size=2, name=DIRITTO DELLE RELAZIONI INDUSTRIALI E NUOVE TECNOLOGIE_EM4, course=EM4_GGG1, teacher=5593005, campus=San Giobbe, partition=NO, period=3° Periodo, elective=a scelta, frequency=3, size=2], partition=NO, year=1, campus=Palazzo Moro, size=2","name=EM6_GGG1, teachings=[name=RETI E SISTEMI INFORMATIVI_EM6, course=EM6_GGG1, teacher=5591776, campus=San Giobbe, partition=NO, period=3° Periodo, elective=a scelta, frequency=3, size=4, name=METODI STATISTICI PER LA BUSINESS ANALYSIS_EM6, course=EM6_GGG1, teacher=5593509, campus=Palazzo Moro, partition=NO, period=3° Periodo, elective=a scelta, frequency=3, size=2, name=ECONOMIA E GESTIONE DELL'INNOVAZIONE_EM6, course=EM6_GGG1, teacher=5592423, campus=San Giobbe, partition=NO, period=3° Periodo, elective=a scelta, frequency=3, size=6, name=STRATEGIE D'IMPRESA AVANZATO_EM6, course=EM6_GGG1, teacher=22086307, campus=San Giobbe, partition=NO, period=3° Periodo, elective=a scelta, frequency=3, size=6], partition=NO, year=1, campus=San Giobbe, size=7","name=EM7_GGG1, teachings=[name=MARKETING ANALYTICS_EM7, course=EM7_GGG1, teacher=5592845, campus=San Giobbe, partition=NO, period=3° Periodo, elective=Obbligatorio, frequency=3, size=4, name=ANALISI ECONOMICA PER LE STRATEGIE DI BUSINESS_EM7, course=EM7_GGG1, teacher=20081823, campus=San Giobbe, partition=NO, period=3° Periodo, elective=Obbligatorio, frequency=3, size=8, name=METODOLOGIA DELLA RICERCA SOCIALE PER IL MANAGEMENT_EM7, course=EM7_GGG1, teacher=5591179, campus=San Giobbe, partition=NO, period=3° Periodo, elective=a scelta, frequency=3, size=4], partition=NO, year=1, campus=San Giobbe, size=6","name=EM9_GGG1, teachings=[name=DIRITTO COMMERCIALE DEL TURISMO - 1_EM9, course=EM9_GGG1, teacher=11897629, campus=San Giobbe, partition=NO, period=3° Periodo, elective=Obbligatorio, frequency=3, size=7, name=SVILUPPO TERRITORIALE E SOSTENIBILITÀ TURISTICA-1_EM9, course=EM9_GGG1, teacher=5592949, campus=San Giobbe, partition=NO, period=3° Periodo, elective=Obbligatorio, frequency=3, size=4, name=BENI CULTURALI E OFFERTA TURISTICA - 1_EM9, course=EM9_GGG1, teacher=5591907, campus=San Giobbe, partition=NO, period=3° Periodo, elective=Obbligatorio, frequency=3, size=7, name=INDAGINI E STATISTICHE PER IL TURISMO_EM9, course=EM9_GGG1, teacher=5593107, campus=San Giobbe, partition=NO, period=3° Periodo, elective=a scelta, frequency=3, size=4, name=BUSINESS ECOSYSTEMS NEL TURISMO_EM9, course=EM9_GGG1, teacher=5153617, campus=San Giobbe, partition=NO, period=3° Periodo, elective=Obbligatorio, frequency=3, size=7], partition=NO, year=1, campus=San Giobbe, size=7","name=ET11_EA01, teachings=[name=ECONOMIA POLITICA - 1 - ESERCITAZIONI_ET11_A-Di , course=ET11_EA01, teacher=5592414, campus=San Giobbe, partition=A-Di , period=3° Periodo, elective=Obbligatorio, frequency=1, size=8, name=BILANCIO E ANALISI ECONOMICO-FINANZIARIA_ET11_A-Di , course=ET11_EA01, teacher=5592956, campus=San Giobbe, partition=A-Di , period=3° Periodo, elective=Obbligatorio, frequency=3, size=7, name=ECONOMIA POLITICA - 1_ET11_A-Di , course=ET11_EA01, teacher=24170318, campus=San Giobbe, partition=A-Di , period=3° Periodo, elective=Obbligatorio, frequency=3, size=7, name=DIRITTO PRIVATO - 1_ET11_A-Di , course=ET11_EA01, teacher=11536464, campus=San Giobbe, partition=A-Di , period=3° Periodo, elective=Obbligatorio, frequency=3, size=7, name=BILANCIO E ANALISI ECONOMICO-FINANZIARIA - ESERCITAZIONI_ET11_A-Di , course=ET11_EA01, teacher=5592490, campus=San Giobbe, partition=A-Di , period=3° Periodo, elective=Obbligatorio, frequency=1, size=7], partition=A-Di , year=1, campus=San Giobbe, size=8","name=ET11_EA01, teachings=[name=ECONOMIA POLITICA - 1 - ESERCITAZIONI_ET11_Dl-Pas , course=ET11_EA01, teacher=5592414, campus=San Giobbe, partition=Dl-Pas , period=3° Periodo, elective=Obbligatorio, frequency=1, size=8, name=BILANCIO E ANALISI ECONOMICO-FINANZIARIA - ESERCITAZIONI_ET11_Dl-Pas , course=ET11_EA01, teacher=5590482, campus=San Giobbe, partition=Dl-Pas , period=3° Periodo, elective=Obbligatorio, frequency=1, size=7, name=BILANCIO E ANALISI ECONOMICO-FINANZIARIA_ET11_Dl-Pas , course=ET11_EA01, teacher=5590482, campus=San Giobbe, partition=Dl-Pas , period=3° Periodo, elective=Obbligatorio, frequency=3, size=8, name=ECONOMIA POLITICA - 1_ET11_Dl-Pas , course=ET11_EA01, teacher=24437776, campus=San Giobbe, partition=Dl-Pas , period=3° Periodo, elective=Obbligatorio, frequency=3, size=8, name=DIRITTO PRIVATO - 1_ET11_Dl-Pas , course=ET11_EA01, teacher=5591178, campus=San Giobbe, partition=Dl-Pas , period=3° Periodo, elective=Obbligatorio, frequency=3, size=8], partition=Dl-Pas , year=1, campus=San Giobbe, size=8","name=ET11_EA01, teachings=[name=ECONOMIA POLITICA - 1 - ESERCITAZIONI_ET11_Pat-Z , course=ET11_EA01, teacher=5592414, campus=San Giobbe, partition=Pat-Z , period=3° Periodo, elective=Obbligatorio, frequency=1, size=8, name=BILANCIO E ANALISI ECONOMICO-FINANZIARIA - ESERCITAZIONI_ET11_Pat-Z , course=ET11_EA01, teacher=25667736, campus=San Giobbe, partition=Pat-Z , period=3° Periodo, elective=Obbligatorio, frequency=1, size=8, name=BILANCIO E ANALISI ECONOMICO-FINANZIARIA_ET11_Pat-Z , course=ET11_EA01, teacher=5591467, campus=San Giobbe, partition=Pat-Z , period=3° Periodo, elective=Obbligatorio, frequency=3, size=8, name=ECONOMIA POLITICA - 1_ET11_Pat-Z , course=ET11_EA01, teacher=13978547, campus=San Giobbe, partition=Pat-Z , period=3° Periodo, elective=Obbligatorio, frequency=3, size=7, name=DIRITTO PRIVATO - 1_ET11_Pat-Z , course=ET11_EA01, teacher=5591584, campus=San Giobbe, partition=Pat-Z , period=3° Periodo, elective=Obbligatorio, frequency=3, size=8], partition=Pat-Z , year=1, campus=San Giobbe, size=8","name=ET11_EA02, teachings=[name=STATISTICA - 1_ET11_A-Di , course=ET11_EA02, teacher=5593509, campus=San Giobbe, partition=A-Di , period=3° Periodo, elective=Obbligatorio, frequency=3, size=7, name=STATISTICA 1: ESERCITAZIONI MOD.1_ET11_A-Di , course=ET11_EA02, teacher=5592300, campus=San Giobbe, partition=A-Di , period=3° Periodo, elective=Obbligatorio, frequency=1, size=6, name=ANALISI E CONTABILITA' DEI COSTI_ET11_A-Di , course=ET11_EA02, teacher=16393230, campus=San Giobbe, partition=A-Di , period=3° Periodo, elective=Obbligatorio, frequency=3, size=8], partition=A-Di , year=2, campus=San Giobbe, size=7","name=ET11_EA02, teachings=[name=LINGUA INGLESE ESERCITAZIONI - WRITING_ET11_Classe 3, course=ET11_EA02, teacher=5590155, campus=San Giobbe, partition=Classe 3, period=3° Periodo, elective=Obbligatorio, frequency=1, size=3, name=LINGUA INGLESE ESERCITAZIONI - SPEAKING_ET11_Classe 3, course=ET11_EA02, teacher=5590155, campus=San Giobbe, partition=Classe 3, period=3° Periodo, elective=Obbligatorio, frequency=1, size=3], partition=Classe 3, year=2, campus=San Giobbe, size=3","name=ET11_EA02, teachings=[name=STATISTICA 1: ESERCITAZIONI MOD.1_ET11_Dl-Pas , course=ET11_EA02, teacher=5592300, campus=San Giobbe, partition=Dl-Pas , period=3° Periodo, elective=Obbligatorio, frequency=1, size=6, name=STATISTICA - 1_ET11_Dl-Pas , course=ET11_EA02, teacher=25678903, campus=San Giobbe, partition=Dl-Pas , period=3° Periodo, elective=Obbligatorio, frequency=3, size=7, name=ANALISI E CONTABILITA' DEI COSTI_ET11_Dl-Pas , course=ET11_EA02, teacher=10121582, campus=San Giobbe, partition=Dl-Pas , period=3° Periodo, elective=Obbligatorio, frequency=3, size=7], partition=Dl-Pas , year=2, campus=San Giobbe, size=7","name=ET11_EA02, teachings=[name=STATISTICA 1: ESERCITAZIONI MOD.1_ET11_Pat-Z , course=ET11_EA02, teacher=5592414, campus=San Giobbe, partition=Pat-Z , period=3° Periodo, elective=Obbligatorio, frequency=1, size=7, name=STATISTICA - 1_ET11_Pat-Z , course=ET11_EA02, teacher=23846255, campus=San Giobbe, partition=Pat-Z , period=3° Periodo, elective=Obbligatorio, frequency=3, size=7, name=ANALISI E CONTABILITA' DEI COSTI_ET11_Pat-Z , course=ET11_EA02, teacher=24374139, campus=San Giobbe, partition=Pat-Z , period=3° Periodo, elective=Obbligatorio, frequency=3, size=7], partition=Pat-Z , year=2, campus=San Giobbe, size=8","name=ET11_EA03, teachings=[name=PRODOTTI BANCARI E FINANZIARI_ET11_A-Di , course=ET11_EA03, teacher=5591102, campus=San Giobbe, partition=A-Di , period=3° Periodo, elective=Obbligatorio, frequency=3, size=7], partition=A-Di , year=3, campus=San Giobbe, size=7","name=ET11_EA03, teachings=[name=PRODOTTI BANCARI E FINANZIARI_ET11_Dl-Pas , course=ET11_EA03, teacher=5592544, campus=San Giobbe, partition=Dl-Pas , period=3° Periodo, elective=Obbligatorio, frequency=3, size=8], partition=Dl-Pas , year=3, campus=San Giobbe, size=7","name=ET11_EA03, teachings=[name=MERCATI E STRUMENTI FINANZIARI_ET11, course=ET11_EA03, teacher=5592928, campus=San Giobbe, partition=NO, period=3° Periodo, elective=a scelta, frequency=3, size=6, name=STRATEGIE D'IMPRESA_ET11, course=ET11_EA03, teacher=17811859, campus=San Giobbe, partition=NO, period=3° Periodo, elective=a scelta, frequency=3, size=4, name=ANALISI DELLA CONCORRENZA_ET11, course=ET11_EA03, teacher=5591468, campus=San Giobbe, partition=NO, period=3° Periodo, elective=a scelta, frequency=3, size=2, name=GESTIONE DELLE RISORSE UMANE_ET11, course=ET11_EA03, teacher=24093902, campus=San Giobbe, partition=NO, period=3° Periodo, elective=a scelta, frequency=3, size=7], partition=NO, year=3, campus=San Giobbe, size=7","name=ET11_EA03, teachings=[name=PRODOTTI BANCARI E FINANZIARI_ET11_Pat-Z , course=ET11_EA03, teacher=5592928, campus=San Giobbe, partition=Pat-Z , period=3° Periodo, elective=Obbligatorio, frequency=3, size=6], partition=Pat-Z , year=3, campus=San Giobbe, size=7","name=ET11_EM01, teachings=[name=MICROECONOMICS - 1 PRACTICE_ET11_A-K, course=ET11_EM01, teacher=26811597, campus=San Giobbe, partition=A-K, period=3° Periodo, elective=Obbligatorio, frequency=1, size=8, name=MICROECONOMICS - 1_ET11_A-K, course=ET11_EM01, teacher=26398646, campus=San Giobbe, partition=A-K, period=3° Periodo, elective=Obbligatorio, frequency=3, size=7, name=COMPUTATIONAL TOOLS FOR ECONOMICS AND MANAGEMENT_ET11_A-K, course=ET11_EM01, teacher=5592722, campus=San Giobbe, partition=A-K, period=3° Periodo, elective=Obbligatorio, frequency=3, size=7, name=BUSINESS ECONOMICS AND MANAGEMENT OF THE FIRM-1_ET11_A-K, course=ET11_EM01, teacher=5592423, campus=San Giobbe, partition=A-K, period=3° Periodo, elective=Obbligatorio, frequency=3, size=7], partition=A-K, year=1, campus=San Giobbe, size=8","name=ET11_EM01, teachings=[name=COMPUTATIONAL TOOLS FOR ECONOMICS AND MANAGEMENT_ET11_L-Z, course=ET11_EM01, teacher=21832605, campus=San Giobbe, partition=L-Z, period=3° Periodo, elective=Obbligatorio, frequency=3, size=8, name=MICROECONOMICS - 1_ET11_L-Z, course=ET11_EM01, teacher=24437776, campus=San Giobbe, partition=L-Z, period=3° Periodo, elective=Obbligatorio, frequency=3, size=8, name=MICROECONOMICS - 1 PRACTICE_ET11_L-Z, course=ET11_EM01, teacher=21836893, campus=San Giobbe, partition=L-Z, period=3° Periodo, elective=Obbligatorio, frequency=1, size=7, name=BUSINESS ECONOMICS AND MANAGEMENT OF THE FIRM-1_ET11_L-Z, course=ET11_EM01, teacher=25683812, campus=San Giobbe, partition=L-Z, period=3° Periodo, elective=Obbligatorio, frequency=3, size=6], partition=L-Z, year=1, campus=San Giobbe, size=8","name=ET11_EM02, teachings=[name=BUSINESS AND LABOUR LAW MOD.1_ET11, course=ET11_EM02, teacher=22991277, campus=San Giobbe, partition=NO, period=3° Periodo, elective=Obbligatorio, frequency=3, size=8, name=STATISTICS -PRACTICE_ET11, course=ET11_EM02, teacher=10594999, campus=San Giobbe, partition=NO, period=3° Periodo, elective=Obbligatorio, frequency=1, size=8, name=STATISTICS_ET11, course=ET11_EM02, teacher=25697399, campus=San Giobbe, partition=NO, period=3° Periodo, elective=Obbligatorio, frequency=3, size=8, name=MARKETING_ET11, course=ET11_EM02, teacher=5590857, campus=San Giobbe, partition=NO, period=3° Periodo, elective=Obbligatorio, frequency=3, size=8], partition=NO, year=2, campus=San Giobbe, size=8","name=ET11_EM03, teachings=[name=DATA ANALYSIS_ET11, course=ET11_EM03, teacher=5592706, campus=San Giobbe, partition=NO, period=3° Periodo, elective=Obbligatorio, frequency=3, size=6, name=INDUSTRIAL ORGANIZATION_ET11, course=ET11_EM03, teacher=13097616, campus=San Giobbe, partition=NO, period=3° Periodo, elective=a scelta, frequency=3, size=6], partition=NO, year=3, campus=San Giobbe, size=7","name=ET4_C001, teachings=[name=ECONOMIA POLITICA - 1_ET4_A-La , course=ET4_C001, teacher=13978547, campus=San Giobbe, partition=A-La , period=3° Periodo, elective=Obbligatorio, frequency=3, size=8, name=ECONOMIA POLITICA - 1 - ESERCITAZIONI_ET4_A-La , course=ET4_C001, teacher=26323336, campus=San Giobbe, partition=A-La , period=3° Periodo, elective=Obbligatorio, frequency=1, size=6, name=DIRITTO PRIVATO - 1_ET4_A-La , course=ET4_C001, teacher=5592115, campus=San Giobbe, partition=A-La , period=3° Periodo, elective=Obbligatorio, frequency=3, size=8, name=ISTITUZIONI DI DIRITTO PUBBLICO_ET4_A-La , course=ET4_C001, teacher=7607411, campus=San Giobbe, partition=A-La , period=3° Periodo, elective=Obbligatorio, frequency=3, size=8], partition=A-La , year=1, campus=San Giobbe, size=6","name=ET4_C001, teachings=[name=ECONOMIA POLITICA - 1_ET4_Lb-Z , course=ET4_C001, teacher=5592477, campus=San Giobbe, partition=Lb-Z , period=3° Periodo, elective=Obbligatorio, frequency=3, size=8, name=ECONOMIA POLITICA - 1 - ESERCITAZIONI_ET4_Lb-Z , course=ET4_C001, teacher=25173221, campus=San Giobbe, partition=Lb-Z , period=3° Periodo, elective=Obbligatorio, frequency=1, size=8, name=DIRITTO PRIVATO - 1_ET4_Lb-Z , course=ET4_C001, teacher=5591666, campus=San Giobbe, partition=Lb-Z , period=3° Periodo, elective=Obbligatorio, frequency=3, size=8, name=ISTITUZIONI DI DIRITTO PUBBLICO_ET4_Lb-Z , course=ET4_C001, teacher=7607411, campus=San Giobbe, partition=Lb-Z , period=3° Periodo, elective=Obbligatorio, frequency=3, size=8], partition=Lb-Z , year=1, campus=San Giobbe, size=7","name=ET4_C002, teachings=[name=SCIENZA DELLE FINANZE - ESERCITAZIONI_ET4_A-La , course=ET4_C002, teacher=23066392, campus=San Giobbe, partition=A-La , period=3° Periodo, elective=Obbligatorio, frequency=1, size=7, name=SCIENZA DELLE FINANZE_ET4_A-La , course=ET4_C002, teacher=5852155, campus=San Giobbe, partition=A-La , period=3° Periodo, elective=Obbligatorio, frequency=3, size=7, name=DIRITTO COMMERCIALE E DELL'ECONOMIA I_ET4_A-La , course=ET4_C002, teacher=5592930, campus=San Giobbe, partition=A-La , period=3° Periodo, elective=Obbligatorio, frequency=3, size=8], partition=A-La , year=2, campus=San Giobbe, size=7","name=ET4_C002, teachings=[name=DIRITTO COMMERCIALE E DELL'ECONOMIA I_ET4_Lb-Z , course=ET4_C002, teacher=5591495, campus=San Giobbe, partition=Lb-Z , period=3° Periodo, elective=Obbligatorio, frequency=3, size=6, name=SCIENZA DELLE FINANZE - ESERCITAZIONI_ET4_Lb-Z , course=ET4_C002, teacher=23066392, campus=San Giobbe, partition=Lb-Z , period=3° Periodo, elective=Obbligatorio, frequency=1, size=6, name=SCIENZA DELLE FINANZE_ET4_Lb-Z , course=ET4_C002, teacher=15927409, campus=San Giobbe, partition=Lb-Z , period=3° Periodo, elective=Obbligatorio, frequency=3, size=6], partition=Lb-Z , year=2, campus=San Giobbe, size=6","name=ET4_C003, teachings=[name=STRUMENTI COMPUTAZIONALI PER L'ECONOMIA_ET4_A-La , course=ET4_C003, teacher=5591751, campus=San Giobbe, partition=A-La , period=3° Periodo, elective=Obbligatorio, frequency=3, size=8], partition=A-La , year=3, campus=San Giobbe, size=7","name=ET4_C003, teachings=[name=STRUMENTI COMPUTAZIONALI PER L'ECONOMIA_ET4_Lb-Z , course=ET4_C003, teacher=23500162, campus=San Giobbe, partition=Lb-Z , period=3° Periodo, elective=Obbligatorio, frequency=3, size=8], partition=Lb-Z , year=3, campus=San Giobbe, size=7","name=ET4_M001, teachings=[name=MICROECONOMICS - 1 PRACTICE_ET4, course=ET4_M001, teacher=25134770, campus=San Giobbe, partition=NO, period=3° Periodo, elective=Obbligatorio, frequency=1, size=8, name=MICROECONOMICS - 1_ET4, course=ET4_M001, teacher=12388086, campus=San Giobbe, partition=NO, period=3° Periodo, elective=Obbligatorio, frequency=3, size=8, name=EUROPEAN PRIVATE LAW - 1_ET4, course=ET4_M001, teacher=5590267, campus=San Giobbe, partition=NO, period=3° Periodo, elective=Obbligatorio, frequency=3, size=7, name=EUROPEAN PUBLIC LAW_ET4, course=ET4_M001, teacher=26806765, campus=San Giobbe, partition=NO, period=3° Periodo, elective=Obbligatorio, frequency=3, size=6], partition=NO, year=1, campus=San Giobbe, size=7","name=ET4_M002, teachings=[name=FINANCIAL STATEMENT ANALYSIS AND EVALUATION_ET4, course=ET4_M002, teacher=25199798, campus=San Giobbe, partition=NO, period=3° Periodo, elective=Obbligatorio, frequency=3, size=6, name=PUBLIC ECONOMICS_ET4, course=ET4_M002, teacher=17019333, campus=San Giobbe, partition=NO, period=3° Periodo, elective=Obbligatorio, frequency=3, size=6, name=PUBLIC ECONOMICS - PRACTICE_ET4, course=ET4_M002, teacher=26285216, campus=San Giobbe, partition=NO, period=3° Periodo, elective=Obbligatorio, frequency=1, size=5], partition=NO, year=2, campus=San Giobbe, size=8","name=ET4_M003, teachings=[name=COMPUTATIONAL TOOLS FOR ECONOMICS AND FINANCE_ET4, course=ET4_M003, teacher=25683816, campus=San Giobbe, partition=NO, period=3° Periodo, elective=Obbligatorio, frequency=3, size=5, name=ECONOMICS OF THE ENVIRONMENT_ET4, course=ET4_M003, teacher=5592720, campus=San Giobbe, partition=NO, period=3° Periodo, elective=a scelta, frequency=3, size=5], partition=NO, year=3, campus=San Giobbe, size=3","name=FT4_GGG1, teachings=[name=ITALIANO SCRITTO_FT4_D, course=FT4_GGG1, teacher=5593052, campus=Palazzo Moro, partition=D, period=3° Periodo, elective=a scelta, frequency=1, size=4], partition=D, year=1, campus=Palazzo Moro, size=4","name=LM10_GGG1, teachings=[name=ENVIRONMENTAL HISTORY: LABOUR-ENVIRONMENT RELATIONS IN CONTEMPORARY ITALY_LM10, course=LM10_GGG1, teacher=117992, campus=Palazzo Moro, partition=NO, period=3° Periodo, elective=a scelta, frequency=3, size=3], partition=NO, year=1, campus=Palazzo Moro, size=3","name=LM10_GGG2, teachings=[name=NATURE, CULTURE AND SOCIETY: THEMES IN EUROPEAN ENVIRONMENTAL HISTORY_LM10, course=LM10_GGG2, teacher=22511785, campus=Palazzo Moro, partition=NO, period=3° Periodo, elective=a scelta, frequency=3, size=3], partition=NO, year=2, campus=Palazzo Moro, size=3","name=R257_GGG1, teachings=[name=Qualitative Research Methods_R257, course=R257_GGG1, teacher=5593481, campus=Palazzo Moro, partition=NO, period=3° Periodo, elective=Obbligatorio, frequency=3, size=2, name=LABORATORY OF ETHNOGRAPHY_R257, course=R257_GGG1, teacher=10796115, campus=Palazzo Moro, partition=NO, period=3° Periodo, elective=Obbligatorio, frequency=3, size=2, name=FINANCIAL MANAGEMENT_R257, course=R257_GGG1, teacher=5592116, campus=Palazzo Moro, partition=NO, period=3° Periodo, elective=Obbligatorio, frequency=3, size=2], partition=NO, year=1, campus=Palazzo Moro, size=2",EM11_GGG2,EM13_AF1,EM13_AF2,EM13_IMG1,EM13_IMK1,EM14_GGG2,EM15_QEM1,EM15_QEM2,EM15_QFR1,EM15_QFR2,EM15_SFI1,EM15_SFI2,EM20_F-ENG2,EM20_F1,EM20_F2,EM20_QEM2,EM4_GGG1,EM6_GGG1,EM7_GGG1,EM9_GGG1,ET11_EA01,ET11_EA02,ET11_EA03,ET11_EM01,ET11_EM02,ET11_EM03,ET4_C001,ET4_C002,ET4_C003,ET4_M001,ET4_M002,ET4_M003,FT4_GGG1,LM10_GGG1,LM10_GGG2,R257_GGG1
1,1,-,-,-,-,-,-,-,-,-,-,-,-,-,-,-,-,-,-,-,-,-,-,-,-,-,-,-,-,-,-,-,-,-,-,-,-,-,-,-,-,-,-,-,-,-,-,-,-,-,-,,LEADERSHIP_EM13,,,,,,,FINANCIAL ECONOMICS - 1_EM15,,,INTERNATIONAL FINANCIAL REGULATION_EM15,CLIMATE CHANGE AND FINANCE: METRICS TO ASSESS RISKS AND OPPORTUNITIES_EM20,,,,METODI STATISTICI PER LA BUSINESS ANALYSIS_EM4,,,DIRITTO COMMERCIALE DEL TURISMO - 1_EM9,BILANCIO E ANALISI ECONOMICO-FINANZIARIA_ET11_Pat-Z ,,,,BUSINESS AND LABOUR LAW MOD.1_ET11,,,SCIENZA DELLE FINANZE_ET4_Lb-Z ,,,,,,,,FINANCIAL MANAGEMENT_R257
1,2,-,-,-,-,-,-,-,-,-,-,-,-,-,-,-,-,-,-,-,-,-,-,-,-,-,-,-,-,-,-,-,-,-,-,-,-,-,-,-,-,-,-,-,-,-,-,-,-,-,-,,ADVANCED MANAGEMENT CONTROL_EM13,,,HISTORY OF INNOVATION_EM13,,,COMPETITION LAW_EM15,DERIVATIVES AND INSURANCE - 1_EM15,,,,,LEGISLAZIONE BANCARIA I_EM20,LABORATORIO SULLE SCELTE_EM20,,DIRITTO DELLE RELAZIONI INDUSTRIALI E NUOVE TECNOLOGIE_EM4,,METODOLOGIA DELLA RICERCA SOCIALE PER IL MANAGEMENT_EM7,BENI CULTURALI E OFFERTA TURISTICA - 1_EM9,ECONOMIA POLITICA - 1_ET11_Pat-Z ,,,"MICROECONOMICS - 1_ET11_L-Z, BUSINESS ECONOMICS AND MANAGEMENT OF THE FIRM-1_ET11_L-Z",,,,,,EUROPEAN PUBLIC LAW_ET4,,,,,,
1,3,-,-,-,-,-,-,-,-,-,-,-,-,-,-,-,-,-,-,-,-,-,-,-,-,-,-,-,-,-,-,-,-,-,-,-,-,-,-,-,-,-,-,-,-,-,-,-,-,-,-,,BUSINESS MODEL INNOVATION_EM13,COMPETITION LAW_EM13,,,ACCOUNTING INFORMATION SYSTEMS AND FINANCIAL ANALYTICS_EM14,,,ECONOMICS OF RISK AND AGENT BEHAVIOUR_EM15,,,"CLIMATE CHANGE AND FINANCE: METRICS TO ASSESS RISKS AND OPPORTUNITIES_EM15, FINTECH REGULATION AND FINANCIAL INNOVATION_EM15",,ECONOMIA DEI MERCATI ED INVESTIMENTI FINANZIARI - 1_EM20,DIRITTO DELLE ASSICURAZIONI PRIVATE_EM20,,,STRATEGIE D'IMPRESA AVANZATO_EM6,MARKETING ANALYTICS_EM7,,,,,,,,,,,,,,,ENVIRONMENTAL HISTORY: LABOUR-ENVIRONMENT RELATIONS IN CONTEMPORARY ITALY_LM10,,Qualitative Research Methods_R257
1,4,-,-,-,-,-,-,-,-,-,-,-,-,-,-,-,-,-,-,-,-,-,-,-,-,-,-,-,-,-,-,-,-,-,-,-,-,-,-,-,-,-,-,-,-,-,-,-,-,-,-,,STRATEGY PLANNING AND CONTROL SYSTEM - 1_EM13,,,,NETWORK ANALYSIS_EM14,BEHAVIOURAL ECONOMICS_EM15,,,,,,FINTECH REGULATION AND FINANCIAL INNOVATION_EM20,,,ECONOMICS OF INEQUALITY_EM20,,"METODI STATISTICI PER LA BUSINESS ANALYSIS_EM6, ECONOMIA E GESTIONE DELL'INNOVAZIONE_EM6",ANALISI ECONOMICA PER LE STRATEGIE DI BUSINESS_EM7,SVILUPPO TERRITORIALE E SOSTENIBILITÀ TURISTICA-1_EM9,,"STATISTICA - 1_ET11_Pat-Z , ANALISI E CONTABILITA' DEI COSTI_ET11_Pat-Z ",,,MARKETING_ET11,,,DIRITTO COMMERCIALE E DELL'ECONOMIA I_ET4_Lb-Z ,,,,,,,,LABORATORY OF ETHNOGRAPHY_R257
1,5,-,-,-,-,-,-,-,-,-,-,-,-,-,-,-,-,-,-,-,-,-,-,-,-,-,-,-,-,-,-,-,-,-,-,-,-,-,-,-,-,-,-,-,-,-,-,-,-,-,-,,,,,BRAND MANAGEMENT_EM13,,,ECONOMICS OF INEQUALITY_EM15,,,,,,,,BEHAVIOURAL ECONOMICS_EM20,,,,BUSINESS ECOSYSTEMS NEL TURISMO_EM9,,,,,STATISTICS_ET11,,,,,MICROECONOMICS - 1 PRACTICE_ET4,,,,,,
1,6,-,-,-,-,-,-,-,-,-,-,-,-,-,-,-,-,-,-,-,-,-,-,-,-,-,-,-,-,-,-,-,-,-,-,-,-,-,-,-,-,-,-,-,-,-,-,-,-,-,-,,,,,,,,,,,,,,,,,,,,,,,,,,,,,STRUMENTI COMPUTAZIONALI PER L'ECONOMIA_ET4_Lb-Z ,,,,,,,
2,1,-,-,-,-,-,-,-,-,-,-,-,-,-,-,-,-,-,-,-,-,-,-,-,-,-,-,-,-,-,-,-,-,-,-,-,-,-,-,-,-,-,-,-,-,-,-,-,-,-,-,,,,,PHILOSOPHICAL ISSUES IN CONTEMPORARY MANAGEMENT_EM13,,,COMPETITION LAW_EM15,,,,FINTECH REGULATION AND FINANCIAL INNOVATION_EM15,R CODING AND FINANCE ANALYTICS_EM20,ECONOMIA DEI MERCATI ED INVESTIMENTI FINANZIARI - 1_EM20,FINTECH: TECHNOLOGY FOR FINANCE AND INSURANCE_EM20,,,,METODOLOGIA DELLA RICERCA SOCIALE PER IL MANAGEMENT_EM7,,,,,"MICROECONOMICS - 1_ET11_L-Z, BUSINESS ECONOMICS AND MANAGEMENT OF THE FIRM-1_ET11_L-Z",,DATA ANALYSIS_ET11,,SCIENZA DELLE FINANZE - ESERCITAZIONI_ET4_Lb-Z ,,EUROPEAN PRIVATE LAW - 1_ET4,,COMPUTATIONAL TOOLS FOR ECONOMICS AND FINANCE_ET4,,,"NATURE, CULTURE AND SOCIETY: THEMES IN EUROPEAN ENVIRONMENTAL HISTORY_LM10",
2,2,-,-,-,-,-,-,-,-,-,-,-,-,-,-,-,-,-,-,-,-,-,-,-,-,-,-,-,-,-,-,-,-,-,-,-,-,-,-,-,-,-,-,-,-,-,-,-,-,-,-,"RETI E SISTEMI INFORMATIVI_EM11, POLITICHE ECONOMICHE PER LO SVILUPPO LOCALE_EM11",,,,,FINTECH REGULATION AND FINANCIAL INNOVATION_EM14,,,FINANCIAL ECONOMICS - 1_EM15,,,,,"LABORATORIO SUL RISCHIO DI RICICLAGGIO E AUTORICICLAGGIO NEI REATI TRIBUTARI E FRODI FISCALI_EM20, LEGISLAZIONE BANCARIA I_EM20",DIRITTO DELLE ASSICURAZIONI PRIVATE_EM20,,,STRATEGIE D'IMPRESA AVANZATO_EM6,MARKETING ANALYTICS_EM7,,,,,COMPUTATIONAL TOOLS FOR ECONOMICS AND MANAGEMENT_ET11_L-Z,,,,,,MICROECONOMICS - 1_ET4,,,,,,
2,3,-,-,-,-,-,-,-,-,-,-,-,-,-,-,-,-,-,-,-,-,-,-,-,-,-,-,-,-,-,-,-,-,-,-,-,-,-,-,-,-,-,-,-,-,-,-,-,-,-,-,,BUSINESS MODEL INNOVATION_EM13,COMPETITION LAW_EM13,,,ACCOUNTING INFORMATION SYSTEMS AND FINANCIAL ANALYTICS_EM14,,,,AGENT-BASED MODELLING_EM15,ADVANCED INSTRUMENTS FOR SUSTAINABLE FINANCE AND IMPACT FINANCING-1_EM15,"FINTECH: TECHNOLOGY FOR FINANCE AND INSURANCE_EM15, R CODING AND FINANCE ANALYTICS_EM15",FINTECH REGULATION AND FINANCIAL INNOVATION_EM20,,LABORATORIO SULLE SCELTE_EM20,,DIRITTO DELLE RELAZIONI INDUSTRIALI E NUOVE TECNOLOGIE_EM4,ECONOMIA E GESTIONE DELL'INNOVAZIONE_EM6,,INDAGINI E STATISTICHE PER IL TURISMO_EM9,,,,,,,ECONOMIA POLITICA - 1_ET4_Lb-Z ,,,EUROPEAN PUBLIC LAW_ET4,,ECONOMICS OF THE ENVIRONMENT_ET4,,ENVIRONMENTAL HISTORY: LABOUR-ENVIRONMENT RELATIONS IN CONTEMPORARY ITALY_LM10,,
2,4,-,-,-,-,-,-,-,-,-,-,-,-,-,-,-,-,-,-,-,-,-,-,-,-,-,-,-,-,-,-,-,-,-,-,-,-,-,-,-,-,-,-,-,-,-,-,-,-,-,-,,STRATEGY PLANNING AND CONTROL SYSTEM - 1_EM13,,MAKING DECISIONS_EM13,HISTORY OF INNOVATION_EM13,FINTECH: TECHNOLOGY FOR FINANCE AND INSURANCE_EM14,BEHAVIOURAL ECONOMICS_EM15,,DERIVATIVES AND INSURANCE - 1_EM15,,,,,,,ECONOMICS OF INEQUALITY_EM20,METODI STATISTICI PER LA BUSINESS ANALYSIS_EM4,RETI E SISTEMI INFORMATIVI_EM6,,BUSINESS ECOSYSTEMS NEL TURISMO_EM9,DIRITTO PRIVATO - 1_ET11_Pat-Z ,,,,,INDUSTRIAL ORGANIZATION_ET11,DIRITTO PRIVATO - 1_ET4_Lb-Z ,"DIRITTO COMMERCIALE E DELL'ECONOMIA I_ET4_Lb-Z , SCIENZA DELLE FINANZE_ET4_Lb-Z ",,,,,,,,
2,5,-,-,-,-,-,-,-,-,-,-,-,-,-,-,-,-,-,-,-,-,-,-,-,-,-,-,-,-,-,-,-,-,-,-,-,-,-,-,-,-,-,-,-,-,-,-,-,-,-,-,,,,INDUSTRIAL DYNAMICS AND GLOBAL ECONOMIC CHALLENGES-1_EM13,,,,ECONOMICS OF INEQUALITY_EM15,,,,,,,,BEHAVIOURAL ECONOMICS_EM20,,,,,"BILANCIO E ANALISI ECONOMICO-FINANZIARIA - ESERCITAZIONI_ET11_Pat-Z , BILANCIO E ANALISI ECONOMICO-FINANZIARIA_ET11_Pat-Z ",,PRODOTTI BANCARI E FINANZIARI_ET11_Pat-Z ,,,,,,,,,,,,,
2,6,-,-,-,-,-,-,-,-,-,-,-,-,-,-,-,-,-,-,-,-,-,-,-,-,-,-,-,-,-,-,-,-,-,-,-,-,-,-,-,-,-,-,-,-,-,-,-,-,-,-,,,,,,,,,,,,,,,,,,,,,,,,,,,,,STRUMENTI COMPUTAZIONALI PER L'ECONOMIA_ET4_Lb-Z ,,,,,,,
3,1,-,-,-,-,-,-,-,-,-,-,-,-,-,-,-,-,-,-,-,-,-,-,-,-,-,-,-,-,-,-,-,-,-,-,-,-,-,-,-,-,-,-,-,-,-,-,-,-,-,-,POLITICHE ECONOMICHE PER LO SVILUPPO LOCALE_EM11,,,,,,,,ECONOMICS OF RISK AND AGENT BEHAVIOUR_EM15,AGENT-BASED MODELLING_EM15,,FINTECH REGULATION AND FINANCIAL INNOVATION_EM15,CLIMATE CHANGE AND FINANCE: METRICS TO ASSESS RISKS AND OPPORTUNITIES_EM20,,FINTECH: TECHNOLOGY FOR FINANCE AND INSURANCE_EM20,,"METODI STATISTICI PER LA BUSINESS ANALYSIS_EM4, DIRITTO DELLE RELAZIONI INDUSTRIALI E NUOVE TECNOLOGIE_EM4","RETI E SISTEMI INFORMATIVI_EM6, STRATEGIE D'IMPRESA AVANZATO_EM6",,,,,,,BUSINESS AND LABOUR LAW MOD.1_ET11,,,,,EUROPEAN PRIVATE LAW - 1_ET4,FINANCIAL STATEMENT ANALYSIS AND EVALUATION_ET4,"COMPUTATIONAL TOOLS FOR ECONOMICS AND FINANCE_ET4, ECONOMICS OF THE ENVIRONMENT_ET4",,ENVIRONMENTAL HISTORY: LABOUR-ENVIRONMENT RELATIONS IN CONTEMPORARY ITALY_LM10,,
3,2,-,-,-,-,-,-,-,-,-,-,-,-,-,-,-,-,-,-,-,-,-,-,-,-,-,-,-,-,-,-,-,-,-,-,-,-,-,-,-,-,-,-,-,-,-,-,-,-,-,-,,BUSINESS MODEL INNOVATION_EM13,,,,FINTECH: TECHNOLOGY FOR FINANCE AND INSURANCE_EM14,,COMPETITION LAW_EM15,,,ADVANCED INSTRUMENTS FOR SUSTAINABLE FINANCE AND IMPACT FINANCING-1_EM15,CLIMATE CHANGE AND FINANCE: METRICS TO ASSESS RISKS AND OPPORTUNITIES_EM15,AGENT-BASED MODELLING_EM20,,,,,"METODI STATISTICI PER LA BUSINESS ANALYSIS_EM6, ECONOMIA E GESTIONE DELL'INNOVAZIONE_EM6",ANALISI ECONOMICA PER LE STRATEGIE DI BUSINESS_EM7,INDAGINI E STATISTICHE PER IL TURISMO_EM9,,,,MICROECONOMICS - 1_ET11_L-Z,,,DIRITTO PRIVATO - 1_ET4_Lb-Z ,DIRITTO COMMERCIALE E DELL'ECONOMIA I_ET4_Lb-Z ,,EUROPEAN PUBLIC LAW_ET4,,,,,,
3,3,-,-,-,-,-,-,-,-,-,-,-,-,-,-,-,-,-,-,-,-,-,-,-,-,-,-,-,-,-,-,-,-,-,-,-,-,-,-,-,-,-,-,-,-,-,-,-,-,-,-,RETI E SISTEMI INFORMATIVI_EM11,,,,"HISTORY OF INNOVATION_EM13, PHILOSOPHICAL ISSUES IN CONTEMPORARY MANAGEMENT_EM13","MODELS AND TECHNOLOGY FOR THE FINANCIAL INDUSTRY_EM14, ACCOUNTING INFORMATION SYSTEMS AND FINANCIAL ANALYTICS_EM14",,,,,,"FINTECH: TECHNOLOGY FOR FINANCE AND INSURANCE_EM15, INTERNATIONAL FINANCIAL REGULATION_EM15",,LEGISLAZIONE BANCARIA I_EM20,DIRITTO DELLE ASSICURAZIONI PRIVATE_EM20,,,,METODOLOGIA DELLA RICERCA SOCIALE PER IL MANAGEMENT_EM7,BENI CULTURALI E OFFERTA TURISTICA - 1_EM9,"BILANCIO E ANALISI ECONOMICO-FINANZIARIA_ET11_Pat-Z , DIRITTO PRIVATO - 1_ET11_Pat-Z ",,,,,,ECONOMIA POLITICA - 1_ET4_Lb-Z ,SCIENZA DELLE FINANZE_ET4_Lb-Z ,,,,,,,,
3,4,-,-,-,-,-,-,-,-,-,-,-,-,-,-,-,-,-,-,-,-,-,-,-,-,-,-,-,-,-,-,-,-,-,-,-,-,-,-,-,-,-,-,-,-,-,-,-,-,-,-,,FINANCIAL MATHEMATICS PROBLEMS FOR BUSINESS_EM13,,MAKING DECISIONS_EM13,BRAND MANAGEMENT_EM13,FINTECH REGULATION AND FINANCIAL INNOVATION_EM14,BEHAVIOURAL ECONOMICS_EM15,ECONOMICS OF INEQUALITY_EM15,DERIVATIVES AND INSURANCE - 1_EM15,,,,,LABORATORIO SUL RISCHIO DI RICICLAGGIO E AUTORICICLAGGIO NEI REATI TRIBUTARI E FRODI FISCALI_EM20,,,,,,SVILUPPO TERRITORIALE E SOSTENIBILITÀ TURISTICA-1_EM9,,,,BUSINESS ECONOMICS AND MANAGEMENT OF THE FIRM-1_ET11_L-Z,,,,,,MICROECONOMICS - 1_ET4,PUBLIC ECONOMICS_ET4,,,,"NATURE, CULTURE AND SOCIETY: THEMES IN EUROPEAN ENVIRONMENTAL HISTORY_LM10",
3,5,-,-,-,-,-,-,-,-,-,-,-,-,-,-,-,-,-,-,-,-,-,-,-,-,-,-,-,-,-,-,-,-,-,-,-,-,-,-,-,-,-,-,-,-,-,-,-,-,-,-,,,,BUSINESS PROCESS ANALYTICS_EM13,,,,,,,,,,,,"BEHAVIOURAL ECONOMICS_EM20, ECONOMICS OF INEQUALITY_EM20",,,,,,,,COMPUTATIONAL TOOLS FOR ECONOMICS AND MANAGEMENT_ET11_L-Z,,,,,,,,,,,,
3,6,-,-,-,-,-,-,-,-,-,-,-,-,-,-,-,-,-,-,-,-,-,-,-,-,-,-,-,-,-,-,-,-,-,-,-,-,-,-,-,-,-,-,-,-,-,-,-,-,-,-,,,,,,,,,,,,,,,,,,,,,,,,,MARKETING_ET11,,,,,,,,,,,
4,1,-,-,-,-,-,-,-,-,-,-,-,-,-,-,-,-,-,-,-,-,-,-,-,-,-,-,-,-,-,-,-,-,-,-,-,-,-,-,-,-,-,-,-,-,-,-,-,-,-,-,RETI E SISTEMI INFORMATIVI_EM11,,,,PHILOSOPHICAL ISSUES IN CONTEMPORARY MANAGEMENT_EM13,MODELS AND TECHNOLOGY FOR THE FINANCIAL INDUSTRY_EM14,,,ECONOMICS OF RISK AND AGENT BEHAVIOUR_EM15,,ADVANCED INSTRUMENTS FOR SUSTAINABLE FINANCE AND IMPACT FINANCING-1_EM15,,,LABORATORIO SUL RISCHIO DI RICICLAGGIO E AUTORICICLAGGIO NEI REATI TRIBUTARI E FRODI FISCALI_EM20,FINTECH: TECHNOLOGY FOR FINANCE AND INSURANCE_EM20,,,,,DIRITTO COMMERCIALE DEL TURISMO - 1_EM9,,,,,,DATA ANALYSIS_ET11,,,,MICROECONOMICS - 1_ET4,PUBLIC ECONOMICS - PRACTICE_ET4,ECONOMICS OF THE ENVIRONMENT_ET4,,,,Qualitative Research Methods_R257
4,2,-,-,-,-,-,-,-,-,-,-,-,-,-,-,-,-,-,-,-,-,-,-,-,-,-,-,-,-,-,-,-,-,-,-,-,-,-,-,-,-,-,-,-,-,-,-,-,-,-,-,,ADVANCED MANAGEMENT CONTROL_EM13,,,,FINTECH: TECHNOLOGY FOR FINANCE AND INSURANCE_EM14,,,,AGENT-BASED MODELLING_EM15,,R CODING AND FINANCE ANALYTICS_EM15,,ECONOMIA DEI MERCATI ED INVESTIMENTI FINANZIARI - 1_EM20,,,,,,INDAGINI E STATISTICHE PER IL TURISMO_EM9,DIRITTO PRIVATO - 1_ET11_Pat-Z ,,,,,,ISTITUZIONI DI DIRITTO PUBBLICO_ET4_Lb-Z ,,,EUROPEAN PRIVATE LAW - 1_ET4,FINANCIAL STATEMENT ANALYSIS AND EVALUATION_ET4,,,,"NATURE, CULTURE AND SOCIETY: THEMES IN EUROPEAN ENVIRONMENTAL HISTORY_LM10",LABORATORY OF ETHNOGRAPHY_R257
4,3,-,-,-,-,-,-,-,-,-,-,-,-,-,-,-,-,-,-,-,-,-,-,-,-,-,-,-,-,-,-,-,-,-,-,-,-,-,-,-,-,-,-,-,-,-,-,-,-,-,-,,LEADERSHIP_EM13,,,,NETWORK ANALYSIS_EM14,,,FINANCIAL ECONOMICS - 1_EM15,,,FINTECH: TECHNOLOGY FOR FINANCE AND INSURANCE_EM15,,,LABORATORIO SULLE SCELTE_EM20,,,METODI STATISTICI PER LA BUSINESS ANALYSIS_EM6,,,ECONOMIA POLITICA - 1_ET11_Pat-Z ,,PRODOTTI BANCARI E FINANZIARI_ET11_Pat-Z ,COMPUTATIONAL TOOLS FOR ECONOMICS AND MANAGEMENT_ET11_L-Z,,,DIRITTO PRIVATO - 1_ET4_Lb-Z ,,,,,,ITALIANO SCRITTO_FT4_D,,,FINANCIAL MANAGEMENT_R257
4,4,-,-,-,-,-,-,-,-,-,-,-,-,-,-,-,-,-,-,-,-,-,-,-,-,-,-,-,-,-,-,-,-,-,-,-,-,-,-,-,-,-,-,-,-,-,-,-,-,-,-,POLITICHE ECONOMICHE PER LO SVILUPPO LOCALE_EM11,FINANCIAL MATHEMATICS PROBLEMS FOR BUSINESS_EM13,,INDUSTRIAL DYNAMICS AND GLOBAL ECONOMIC CHALLENGES-1_EM13,BRAND MANAGEMENT_EM13,,,,,,,,"R CODING AND FINANCE ANALYTICS_EM20, AGENT-BASED MODELLING_EM20",,,,,RETI E SISTEMI INFORMATIVI_EM6,,SVILUPPO TERRITORIALE E SOSTENIBILITÀ TURISTICA-1_EM9,,,,MICROECONOMICS - 1 PRACTICE_ET11_L-Z,STATISTICS_ET11,,,,,,PUBLIC ECONOMICS_ET4,COMPUTATIONAL TOOLS FOR ECONOMICS AND FINANCE_ET4,,,,
4,5,-,-,-,-,-,-,-,-,-,-,-,-,-,-,-,-,-,-,-,-,-,-,-,-,-,-,-,-,-,-,-,-,-,-,-,-,-,-,-,-,-,-,-,-,-,-,-,-,-,-,,,,BUSINESS PROCESS ANALYTICS_EM13,,,,,,,,,,,,,,,,,,"STATISTICA - 1_ET11_Pat-Z , ANALISI E CONTABILITA' DEI COSTI_ET11_Pat-Z ",,,MARKETING_ET11,INDUSTRIAL ORGANIZATION_ET11,,,,,,,,,,
4,6,-,-,-,-,-,-,-,-,-,-,-,-,-,-,-,-,-,-,-,-,-,-,-,-,-,-,-,-,-,-,-,-,-,-,-,-,-,-,-,-,-,-,-,-,-,-,-,-,-,-,,,,,,,,,,,,,,,,,,,,,,,,,,,,,,,,,,,,
5,1,-,-,-,-,-,-,-,-,-,-,-,-,-,-,-,-,-,-,-,-,-,-,-,-,-,-,-,-,-,-,-,-,-,-,-,-,-,-,-,-,-,-,-,-,-,-,-,-,-,-,,,,,,,,,,,,,AGENT-BASED MODELLING_EM20,,,,,,MARKETING ANALYTICS_EM7,BENI CULTURALI E OFFERTA TURISTICA - 1_EM9,"ECONOMIA POLITICA - 1 - ESERCITAZIONI_ET11_Pat-Z , ECONOMIA POLITICA - 1_ET11_Pat-Z ",,,,BUSINESS AND LABOUR LAW MOD.1_ET11,DATA ANALYSIS_ET11,,,,,,,,,,FINANCIAL MANAGEMENT_R257
5,2,-,-,-,-,-,-,-,-,-,-,-,-,-,-,-,-,-,-,-,-,-,-,-,-,-,-,-,-,-,-,-,-,-,-,-,-,-,-,-,-,-,-,-,-,-,-,-,-,-,-,,,,,,"NETWORK ANALYSIS_EM14, MODELS AND TECHNOLOGY FOR THE FINANCIAL INDUSTRY_EM14",,,,,,"R CODING AND FINANCE ANALYTICS_EM15, CLIMATE CHANGE AND FINANCE: METRICS TO ASSESS RISKS AND OPPORTUNITIES_EM15, INTERNATIONAL FINANCIAL REGULATION_EM15",,,,,,,,DIRITTO COMMERCIALE DEL TURISMO - 1_EM9,,STATISTICA 1: ESERCITAZIONI MOD.1_ET11_Pat-Z ,,,STATISTICS -PRACTICE_ET11,,ISTITUZIONI DI DIRITTO PUBBLICO_ET4_Lb-Z ,,,,FINANCIAL STATEMENT ANALYSIS AND EVALUATION_ET4,,,,,Qualitative Research Methods_R257
5,3,-,-,-,-,-,-,-,-,-,-,-,-,-,-,-,-,-,-,-,-,-,-,-,-,-,-,-,-,-,-,-,-,-,-,-,-,-,-,-,-,-,-,-,-,-,-,-,-,-,-,,"LEADERSHIP_EM13, ADVANCED MANAGEMENT CONTROL_EM13",COMPETITION LAW_EM13,,,FINTECH REGULATION AND FINANCIAL INNOVATION_EM14,,,,,,,"R CODING AND FINANCE ANALYTICS_EM20, CLIMATE CHANGE AND FINANCE: METRICS TO ASSESS RISKS AND OPPORTUNITIES_EM20",,,,,,,,,,PRODOTTI BANCARI E FINANZIARI_ET11_Pat-Z ,,,,,,STRUMENTI COMPUTAZIONALI PER L'ECONOMIA_ET4_Lb-Z ,,,,,,,LABORATORY OF ETHNOGRAPHY_R257
5,4,-,-,-,-,-,-,-,-,-,-,-,-,-,-,-,-,-,-,-,-,-,-,-,-,-,-,-,-,-,-,-,-,-,-,-,-,-,-,-,-,-,-,-,-,-,-,-,-,-,-,,STRATEGY PLANNING AND CONTROL SYSTEM - 1_EM13,,"BUSINESS PROCESS ANALYTICS_EM13, MAKING DECISIONS_EM13",,,,,,,,,FINTECH REGULATION AND FINANCIAL INNOVATION_EM20,,,,,,ANALISI ECONOMICA PER LE STRATEGIE DI BUSINESS_EM7,BUSINESS ECOSYSTEMS NEL TURISMO_EM9,,"STATISTICA - 1_ET11_Pat-Z , ANALISI E CONTABILITA' DEI COSTI_ET11_Pat-Z ",,,STATISTICS_ET11,INDUSTRIAL ORGANIZATION_ET11,,,,,PUBLIC ECONOMICS_ET4,,,,,
5,5,-,-,-,-,-,-,-,-,-,-,-,-,-,-,-,-,-,-,-,-,-,-,-,-,-,-,-,-,-,-,-,-,-,-,-,-,-,-,-,-,-,-,-,-,-,-,-,-,-,-,,FINANCIAL MATHEMATICS PROBLEMS FOR BUSINESS_EM13,,INDUSTRIAL DYNAMICS AND GLOBAL ECONOMIC CHALLENGES-1_EM13,,,,,,,,,,,,,,,,,,,,,,,ECONOMIA POLITICA - 1 - ESERCITAZIONI_ET4_Lb-Z ,,,,,,,,,
5,6,-,-,-,-,-,-,-,-,-,-,-,-,-,-,-,-,-,-,-,-,-,-,-,-,-,-,-,-,-,-,-,-,-,-,-,-,-,-,-,-,-,-,-,-,-,-,-,-,-,-,,,,,,,,,,,,,,,,,,,,,,,,,,,,,,,,,,,,
6,1,-,-,-,-,-,-,-,-,-,-,-,-,-,-,-,-,-,-,-,-,-,-,-,-,-,-,-,-,-,-,-,-,-,-,-,-,-,-,-,-,-,-,-,-,-,-,-,-,-,-,,,,,,,,,,,,,,,,,,,,,,,,,,,,,,,,,,,,
6,2,-,-,-,-,-,-,-,-,-,-,-,-,-,-,-,-,-,-,-,-,-,-,-,-,-,-,-,-,-,-,-,-,-,-,-,-,-,-,-,-,-,-,-,-,-,-,-,-,-,-,,,,,,,,,,,,,,,,,,,,,,,,,,,ISTITUZIONI DI DIRITTO PUBBLICO_ET4_Lb-Z ,,,,,,,,,
6,3,-,-,-,-,-,-,-,-,-,-,-,-,-,-,-,-,-,-,-,-,-,-,-,-,-,-,-,-,-,-,-,-,-,-,-,-,-,-,-,-,-,-,-,-,-,-,-,-,-,-,,,,,,,,,,,,,,,,,,,,,,,,,,,ECONOMIA POLITICA - 1_ET4_Lb-Z ,,,,,,,,,
6,4,-,-,-,-,-,-,-,-,-,-,-,-,-,-,-,-,-,-,-,-,-,-,-,-,-,-,-,-,-,-,-,-,-,-,-,-,-,-,-,-,-,-,-,-,-,-,-,-,-,-,,,,,,,,,,,,,,,,,,,,,,,,,,,,,,,,,,,,
6,5,-,-,-,-,-,-,-,-,-,-,-,-,-,-,-,-,-,-,-,-,-,-,-,-,-,-,-,-,-,-,-,-,-,-,-,-,-,-,-,-,-,-,-,-,-,-,-,-,-,-,,,,,,,,,,,,,,,,,,,,,,,,,,,,,,,,,,,,
6,6,-,-,-,-,-,-,-,-,-,-,-,-,-,-,-,-,-,-,-,-,-,-,-,-,-,-,-,-,-,-,-,-,-,-,-,-,-,-,-,-,-,-,-,-,-,-,-,-,-,-,,,,,,,,,,,,,,,,,,,,,,,,,,,,,,,,,,,,
